time;device_id;temperature;photoresistor;power
2022-07-26 14:31:13.254096+00;1;30.8;212;91
2022-07-26 14:31:33.254096+00;1;30.7;212;97
2022-07-26 14:31:53.284249+00;1;30.6;203;97
2022-07-26 14:32:13.314997+00;1;30.6;201;91
2022-07-26 14:32:33.347408+00;1;30.5;195;109
2022-07-26 14:32:53.377528+00;1;30.5;205;128
2022-07-26 14:33:13.408716+00;1;30.4;202;128
2022-07-26 14:33:33.439702+00;1;30.4;199;122
2022-07-26 14:33:53.472645+00;1;30.3;202;122
2022-07-26 14:34:13.502353+00;1;30.2;200;128
2022-07-26 14:34:33.535172+00;1;30.2;195;122
2022-07-26 14:34:53.56514+00;1;30.1;195;128
2022-07-26 14:35:13.597148+00;1;30.1;200;128
2022-07-26 14:35:33.629768+00;1;30;198;128
2022-07-26 14:35:53.670394+00;1;30;189;152
2022-07-26 14:36:13.701835+00;1;29.9;186;128
2022-07-26 14:36:33.739928+00;1;29.9;178;109
2022-07-26 14:36:53.771871+00;1;29.8;176;158
2022-07-26 14:37:13.807006+00;1;29.8;165;128
2022-07-26 14:37:33.838726+00;1;29.8;177;189
2022-07-26 14:37:53.867793+00;1;29.7;166;177
2022-07-26 14:38:13.898902+00;1;29.7;158;177
2022-07-26 14:38:35.936904+00;1;29.6;156;201
2022-07-26 14:38:57.936904+00;1;29.6;155;207
2022-07-26 14:39:17.964997+00;1;29.6;156;219
2022-07-26 14:39:37.994957+00;1;29.5;153;219
2022-07-26 14:39:58.02511+00;1;29.5;145;177
2022-07-26 14:40:18.054527+00;1;29.4;165;231
2022-07-26 14:40:38.085008+00;1;29.4;145;250
2022-07-26 14:40:58.114992+00;1;29.4;145;292
2022-07-26 14:41:18.14647+00;1;29.4;144;268
2022-07-26 14:41:38.181046+00;1;29.4;145;219
2022-07-26 14:41:58.217758+00;1;29.4;145;292
2022-07-26 14:42:18.247265+00;1;29.3;151;268
2022-07-26 14:42:38.275851+00;1;29.3;147;280
2022-07-26 14:42:58.3086+00;1;29.3;145;268
2022-07-26 14:43:18.337473+00;1;29.3;153;280
2022-07-26 14:43:38.369075+00;1;29.3;146;311
2022-07-26 14:43:58.399428+00;1;29.3;146;299
2022-07-26 14:44:18.431053+00;1;29.2;155;268
2022-07-26 14:44:38.460886+00;1;29.2;153;280
2022-07-26 14:44:58.494759+00;1;29.2;146;250
2022-07-26 14:45:18.533389+00;1;29.2;149;238
2022-07-26 14:45:38.562671+00;1;29.2;153;262
2022-07-26 14:45:58.599382+00;1;29.2;155;250
2022-07-26 14:46:18.634883+00;1;29.2;155;250
2022-07-26 14:46:38.666462+00;1;29.2;155;262
2022-07-26 14:46:58.700462+00;1;29.2;158;207
2022-07-26 14:47:18.737514+00;1;29.2;161;250
2022-07-26 14:47:38.768989+00;1;29.2;153;238
2022-07-26 14:47:58.799858+00;1;29.2;155;201
2022-07-26 14:48:18.803424+00;1;29.2;152;238
2022-07-26 14:48:38.810735+00;1;29.2;155;238
2022-07-26 14:48:58.831275+00;1;29.2;158;250
2022-07-26 14:49:18.85936+00;1;29.1;160;231
2022-07-26 14:49:38.890714+00;1;29.1;163;189
2022-07-26 14:49:58.919652+00;1;29.1;161;177
2022-07-26 15:01:23.980891+00;1;29;133;311
2022-07-26 15:24:27.301029+00;1;28.1;203;109
2022-07-26 14:50:20.950279+00;1;29.1;165;219
2022-07-26 14:50:42.950279+00;1;29.1;166;219
2022-07-26 14:51:02.982461+00;1;29.1;173;231
2022-07-26 14:51:23.015247+00;1;29.1;167;219
2022-07-26 14:51:43.048859+00;1;29.1;163;231
2022-07-26 14:52:03.082277+00;1;29.1;163;238
2022-07-26 14:52:23.112656+00;1;29;155;231
2022-07-26 14:52:43.151786+00;1;29;137;231
2022-07-26 14:53:03.189179+00;1;29;146;268
2022-07-26 14:53:23.218957+00;1;29;133;268
2022-07-26 14:53:43.252259+00;1;29;128;219
2022-07-26 14:54:03.285433+00;1;29;114;372
2022-07-26 14:54:23.311829+00;1;29;124;341
2022-07-26 14:54:43.33859+00;1;29;124;360
2022-07-26 14:55:03.366909+00;1;28.9;114;390
2022-07-26 14:55:23.398833+00;1;28.9;116;408
2022-07-26 14:55:43.433417+00;1;28.9;120;372
2022-07-26 14:56:03.474549+00;1;28.9;114;347
2022-07-26 14:56:23.509927+00;1;28.9;119;421
2022-07-26 14:56:43.54272+00;1;28.9;124;360
2022-07-26 14:57:03.57385+00;1;28.9;121;280
2022-07-26 14:57:23.604535+00;1;28.9;114;341
2022-07-26 14:57:43.634766+00;1;28.9;114;439
2022-07-26 15:24:46.332541+00;1;28.1;206;122
2022-07-26 14:58:03.664228+00;1;28.9;114;451
2022-07-26 14:58:23.701052+00;1;28.9;115;372
2022-07-26 14:58:43.735254+00;1;28.9;121;329
2022-07-26 14:59:03.762378+00;1;28.9;124;341
2022-07-26 14:31:13.254096+00;1;30.8;212;91
2022-07-26 14:31:33.254096+00;1;30.7;212;97
2022-07-26 14:31:53.284249+00;1;30.6;203;97
2022-07-26 14:32:13.314997+00;1;30.6;201;91
2022-07-26 14:32:33.347408+00;1;30.5;195;109
2022-07-26 14:32:53.377528+00;1;30.5;205;128
2022-07-26 14:33:13.408716+00;1;30.4;202;128
2022-07-26 14:33:33.439702+00;1;30.4;199;122
2022-07-26 14:33:53.472645+00;1;30.3;202;122
2022-07-26 14:34:13.502353+00;1;30.2;200;128
2022-07-26 14:34:33.535172+00;1;30.2;195;122
2022-07-26 14:34:53.56514+00;1;30.1;195;128
2022-07-26 14:35:13.597148+00;1;30.1;200;128
2022-07-26 14:35:33.629768+00;1;30;198;128
2022-07-26 14:35:53.670394+00;1;30;189;152
2022-07-26 14:36:13.701835+00;1;29.9;186;128
2022-07-26 14:36:33.739928+00;1;29.9;178;109
2022-07-26 14:36:53.771871+00;1;29.8;176;158
2022-07-26 14:37:13.807006+00;1;29.8;165;128
2022-07-26 14:37:33.838726+00;1;29.8;177;189
2022-07-26 14:37:53.867793+00;1;29.7;166;177
2022-07-26 14:38:13.898902+00;1;29.7;158;177
2022-07-26 14:38:35.936904+00;1;29.6;156;201
2022-07-26 14:38:57.936904+00;1;29.6;155;207
2022-07-26 14:39:17.964997+00;1;29.6;156;219
2022-07-26 14:39:37.994957+00;1;29.5;153;219
2022-07-26 14:39:58.02511+00;1;29.5;145;177
2022-07-26 14:40:18.054527+00;1;29.4;165;231
2022-07-26 14:40:38.085008+00;1;29.4;145;250
2022-07-26 14:40:58.114992+00;1;29.4;145;292
2022-07-26 14:41:18.14647+00;1;29.4;144;268
2022-07-26 14:41:38.181046+00;1;29.4;145;219
2022-07-26 14:41:58.217758+00;1;29.4;145;292
2022-07-26 14:42:18.247265+00;1;29.3;151;268
2022-07-26 14:42:38.275851+00;1;29.3;147;280
2022-07-26 14:42:58.3086+00;1;29.3;145;268
2022-07-26 14:43:18.337473+00;1;29.3;153;280
2022-07-26 14:43:38.369075+00;1;29.3;146;311
2022-07-26 14:43:58.399428+00;1;29.3;146;299
2022-07-26 14:44:18.431053+00;1;29.2;155;268
2022-07-26 14:44:38.460886+00;1;29.2;153;280
2022-07-26 14:44:58.494759+00;1;29.2;146;250
2022-07-26 14:45:18.533389+00;1;29.2;149;238
2022-07-26 14:45:38.562671+00;1;29.2;153;262
2022-07-26 14:45:58.599382+00;1;29.2;155;250
2022-07-26 14:46:18.634883+00;1;29.2;155;250
2022-07-26 14:46:38.666462+00;1;29.2;155;262
2022-07-26 14:46:58.700462+00;1;29.2;158;207
2022-07-26 14:47:18.737514+00;1;29.2;161;250
2022-07-26 14:47:38.768989+00;1;29.2;153;238
2022-07-26 14:47:58.799858+00;1;29.2;155;201
2022-07-26 14:48:18.803424+00;1;29.2;152;238
2022-07-26 14:48:38.810735+00;1;29.2;155;238
2022-07-26 14:48:58.831275+00;1;29.2;158;250
2022-07-26 14:49:18.85936+00;1;29.1;160;231
2022-07-26 14:49:38.890714+00;1;29.1;163;189
2022-07-26 14:49:58.919652+00;1;29.1;161;177
2022-07-26 15:01:23.980891+00;1;29;133;311
2022-07-26 15:24:27.301029+00;1;28.1;203;109
2022-07-26 14:50:20.950279+00;1;29.1;165;219
2022-07-26 14:50:42.950279+00;1;29.1;166;219
2022-07-26 14:51:02.982461+00;1;29.1;173;231
2022-07-26 14:51:23.015247+00;1;29.1;167;219
2022-07-26 14:51:43.048859+00;1;29.1;163;231
2022-07-26 14:52:03.082277+00;1;29.1;163;238
2022-07-26 14:52:23.112656+00;1;29;155;231
2022-07-26 14:52:43.151786+00;1;29;137;231
2022-07-26 14:53:03.189179+00;1;29;146;268
2022-07-26 14:53:23.218957+00;1;29;133;268
2022-07-26 14:53:43.252259+00;1;29;128;219
2022-07-26 14:54:03.285433+00;1;29;114;372
2022-07-26 14:54:23.311829+00;1;29;124;341
2022-07-26 14:54:43.33859+00;1;29;124;360
2022-07-26 14:55:03.366909+00;1;28.9;114;390
2022-07-26 14:55:23.398833+00;1;28.9;116;408
2022-07-26 14:55:43.433417+00;1;28.9;120;372
2022-07-26 14:56:03.474549+00;1;28.9;114;347
2022-07-26 14:56:23.509927+00;1;28.9;119;421
2022-07-26 14:56:43.54272+00;1;28.9;124;360
2022-07-26 14:57:03.57385+00;1;28.9;121;280
2022-07-26 14:57:23.604535+00;1;28.9;114;341
2022-07-26 14:57:43.634766+00;1;28.9;114;439
2022-07-26 15:24:46.332541+00;1;28.1;206;122
2022-07-26 14:58:03.664228+00;1;28.9;114;451
2022-07-26 14:58:23.701052+00;1;28.9;115;372
2022-07-26 14:58:43.735254+00;1;28.9;121;329
2022-07-26 14:59:03.762378+00;1;28.9;124;341
2022-07-26 14:31:13.254096+00;1;30.8;212;91
2022-07-26 14:31:33.254096+00;1;30.7;212;97
2022-07-26 14:31:53.284249+00;1;30.6;203;97
2022-07-26 14:32:13.314997+00;1;30.6;201;91
2022-07-26 14:32:33.347408+00;1;30.5;195;109
2022-07-26 14:32:53.377528+00;1;30.5;205;128
2022-07-26 14:33:13.408716+00;1;30.4;202;128
2022-07-26 14:33:33.439702+00;1;30.4;199;122
2022-07-26 14:33:53.472645+00;1;30.3;202;122
2022-07-26 14:34:13.502353+00;1;30.2;200;128
2022-07-26 14:34:33.535172+00;1;30.2;195;122
2022-07-26 14:34:53.56514+00;1;30.1;195;128
2022-07-26 14:35:13.597148+00;1;30.1;200;128
2022-07-26 14:35:33.629768+00;1;30;198;128
2022-07-26 14:35:53.670394+00;1;30;189;152
2022-07-26 14:36:13.701835+00;1;29.9;186;128
2022-07-26 14:36:33.739928+00;1;29.9;178;109
2022-07-26 14:36:53.771871+00;1;29.8;176;158
2022-07-26 14:37:13.807006+00;1;29.8;165;128
2022-07-26 14:37:33.838726+00;1;29.8;177;189
2022-07-26 14:37:53.867793+00;1;29.7;166;177
2022-07-26 14:38:13.898902+00;1;29.7;158;177
2022-07-26 14:38:35.936904+00;1;29.6;156;201
2022-07-26 14:38:57.936904+00;1;29.6;155;207
2022-07-26 14:39:17.964997+00;1;29.6;156;219
2022-07-26 14:39:37.994957+00;1;29.5;153;219
2022-07-26 14:39:58.02511+00;1;29.5;145;177
2022-07-26 14:40:18.054527+00;1;29.4;165;231
2022-07-26 14:40:38.085008+00;1;29.4;145;250
2022-07-26 14:40:58.114992+00;1;29.4;145;292
2022-07-26 14:41:18.14647+00;1;29.4;144;268
2022-07-26 14:41:38.181046+00;1;29.4;145;219
2022-07-26 14:41:58.217758+00;1;29.4;145;292
2022-07-26 14:42:18.247265+00;1;29.3;151;268
2022-07-26 14:42:38.275851+00;1;29.3;147;280
2022-07-26 14:42:58.3086+00;1;29.3;145;268
2022-07-26 14:43:18.337473+00;1;29.3;153;280
2022-07-26 14:43:38.369075+00;1;29.3;146;311
2022-07-26 14:43:58.399428+00;1;29.3;146;299
2022-07-26 14:44:18.431053+00;1;29.2;155;268
2022-07-26 14:44:38.460886+00;1;29.2;153;280
2022-07-26 14:44:58.494759+00;1;29.2;146;250
2022-07-26 14:45:18.533389+00;1;29.2;149;238
2022-07-26 14:45:38.562671+00;1;29.2;153;262
2022-07-26 14:45:58.599382+00;1;29.2;155;250
2022-07-26 14:46:18.634883+00;1;29.2;155;250
2022-07-26 14:46:38.666462+00;1;29.2;155;262
2022-07-26 14:46:58.700462+00;1;29.2;158;207
2022-07-26 14:47:18.737514+00;1;29.2;161;250
2022-07-26 14:47:38.768989+00;1;29.2;153;238
2022-07-26 14:47:58.799858+00;1;29.2;155;201
2022-07-26 14:48:18.803424+00;1;29.2;152;238
2022-07-26 14:48:38.810735+00;1;29.2;155;238
2022-07-26 14:48:58.831275+00;1;29.2;158;250
2022-07-26 14:49:18.85936+00;1;29.1;160;231
2022-07-26 14:49:38.890714+00;1;29.1;163;189
2022-07-26 14:49:58.919652+00;1;29.1;161;177
2022-07-26 15:01:23.980891+00;1;29;133;311
2022-07-26 15:24:27.301029+00;1;28.1;203;109
2022-07-26 14:50:20.950279+00;1;29.1;165;219
2022-07-26 14:50:42.950279+00;1;29.1;166;219
2022-07-26 14:51:02.982461+00;1;29.1;173;231
2022-07-26 14:51:23.015247+00;1;29.1;167;219
2022-07-26 14:51:43.048859+00;1;29.1;163;231
2022-07-26 14:52:03.082277+00;1;29.1;163;238
2022-07-26 14:52:23.112656+00;1;29;155;231
2022-07-26 14:52:43.151786+00;1;29;137;231
2022-07-26 14:53:03.189179+00;1;29;146;268
2022-07-26 14:53:23.218957+00;1;29;133;268
2022-07-26 14:53:43.252259+00;1;29;128;219
2022-07-26 14:54:03.285433+00;1;29;114;372
2022-07-26 14:54:23.311829+00;1;29;124;341
2022-07-26 14:54:43.33859+00;1;29;124;360
2022-07-26 14:55:03.366909+00;1;28.9;114;390
2022-07-26 14:55:23.398833+00;1;28.9;116;408
2022-07-26 14:55:43.433417+00;1;28.9;120;372
2022-07-26 14:56:03.474549+00;1;28.9;114;347
2022-07-26 14:56:23.509927+00;1;28.9;119;421
2022-07-26 14:56:43.54272+00;1;28.9;124;360
2022-07-26 14:57:03.57385+00;1;28.9;121;280
2022-07-26 14:57:23.604535+00;1;28.9;114;341
2022-07-26 14:57:43.634766+00;1;28.9;114;439
2022-07-26 15:24:46.332541+00;1;28.1;206;122
2022-07-26 14:58:03.664228+00;1;28.9;114;451
2022-07-26 14:58:23.701052+00;1;28.9;115;372
2022-07-26 14:58:43.735254+00;1;28.9;121;329
2022-07-26 14:59:03.762378+00;1;28.9;124;341
2022-07-26 15:25:07.361237+00;1;28;204;42
2022-07-26 15:25:27.393394+00;1;28;205;30
2022-07-26 15:25:47.422202+00;1;28;210;18
2022-07-26 15:26:07.454135+00;1;28;209;122
2022-07-26 15:26:27.484293+00;1;28;206;122
2022-07-26 15:26:47.526126+00;1;28;207;122
2022-07-26 15:27:07.567497+00;1;28;194;91
2022-07-26 15:27:27.607462+00;1;28;210;109
2022-07-26 15:27:47.637497+00;1;27.9;212;128
2022-07-26 15:28:07.66997+00;1;27.9;216;128
2022-07-26 15:28:27.701151+00;1;27.9;215;109
2022-07-26 15:28:47.733269+00;1;27.9;212;122
2022-07-26 15:29:09.775953+00;1;27.9;218;109
2022-07-26 15:29:31.775953+00;1;27.8;212;109
2022-07-26 15:29:51.812259+00;1;27.8;207;109
2022-07-26 15:30:11.848825+00;1;27.8;214;109
2022-07-26 15:30:31.87926+00;1;27.8;206;109
2022-07-26 15:30:51.910679+00;1;27.8;210;109
2022-07-26 15:31:11.942405+00;1;27.7;212;97
2022-07-26 15:31:31.971334+00;1;27.7;216;109
2022-07-26 14:59:23.791878+00;1;28.9;124;341
2022-07-26 14:59:43.819585+00;1;28.9;126;262
2022-07-26 15:00:03.855847+00;1;28.9;120;280
2022-07-26 15:00:23.887422+00;1;28.9;128;280
2022-07-26 15:00:43.91499+00;1;28.9;124;311
2022-07-26 15:01:03.946916+00;1;29;126;311
2022-07-26 15:01:44.01128+00;1;29;129;299
2022-07-26 15:04:44.31462+00;1;29;165;189
2022-07-26 15:04:04.217321+00;1;29;160;219
2022-07-26 15:06:44.552508+00;1;29;187;128
2022-07-26 15:05:24.392636+00;1;29;170;177
2022-07-26 15:05:04.355998+00;1;29;166;189
2022-07-26 15:02:04.038344+00;1;29;124;292
2022-07-26 15:02:24.064957+00;1;29;133;280
2022-07-26 15:02:44.092664+00;1;29;141;292
2022-07-26 15:03:04.120425+00;1;29;148;262
2022-07-26 15:03:24.147891+00;1;29;149;238
2022-07-26 15:03:44.183803+00;1;29;152;231
2022-07-26 15:07:04.598391+00;1;29;186;152
2022-07-26 15:04:24.265418+00;1;29;155;238
2022-07-26 15:05:44.440444+00;1;29;180;177
2022-07-26 15:07:24.636711+00;1;28.9;191;122
2022-07-26 15:07:44.673555+00;1;28.9;194;152
2022-07-26 15:08:04.703965+00;1;28.9;206;158
2022-07-26 15:08:24.735395+00;1;28.9;194;140
2022-07-26 15:08:44.765233+00;1;28.9;198;128
2022-07-26 15:09:04.795819+00;1;28.9;198;140
2022-07-26 15:09:24.823828+00;1;28.8;195;152
2022-07-26 15:09:44.855167+00;1;28.8;194;140
2022-07-26 15:10:04.883153+00;1;28.8;198;109
2022-07-26 15:10:24.912212+00;1;28.8;199;128
2022-07-26 15:10:44.942575+00;1;28.7;198;140
2022-07-26 15:11:04.971772+00;1;28.7;194;109
2022-07-26 15:11:25.002218+00;1;28.7;195;140
2022-07-26 15:11:45.039593+00;1;28.7;186;158
2022-07-26 15:12:05.068461+00;1;28.6;176;122
2022-07-26 15:12:25.103313+00;1;28.6;167;170
2022-07-26 15:12:45.141867+00;1;28.6;155;189
2022-07-26 15:13:05.179167+00;1;28.6;155;207
2022-07-26 15:13:25.210793+00;1;28.5;145;262
2022-07-26 15:13:45.244214+00;1;28.5;145;250
2022-07-26 15:14:05.274281+00;1;28.5;145;238
2022-07-26 15:14:25.305414+00;1;28.5;145;238
2022-07-26 15:14:45.335261+00;1;28.4;150;238
2022-07-26 15:15:05.36844+00;1;28.4;153;268
2022-07-26 15:15:25.409688+00;1;28.4;158;189
2022-07-26 15:15:45.459943+00;1;28.4;156;219
2022-07-26 15:16:05.502962+00;1;28.4;161;170
2022-07-26 15:16:25.537198+00;1;28.4;166;207
2022-07-26 15:16:44.57469+00;1;28.3;165;201
2022-07-26 15:17:05.605001+00;1;28.3;162;158
2022-07-26 15:17:25.63594+00;1;28.3;166;189
2022-07-26 15:17:45.672852+00;1;28.3;165;158
2022-07-26 15:18:05.71149+00;1;28.3;164;189
2022-07-26 15:18:25.744394+00;1;28.3;166;189
2022-07-26 15:18:45.771206+00;1;28.3;165;189
2022-07-26 15:19:05.800212+00;1;28.3;172;177
2022-07-26 15:19:25.828957+00;1;28.3;168;140
2022-07-26 15:26:07.454135+00;1;28;209;122
2022-07-26 15:26:27.484293+00;1;28;206;122
2022-07-26 15:26:47.526126+00;1;28;207;122
2022-07-26 15:27:07.567497+00;1;28;194;91
2022-07-26 15:27:27.607462+00;1;28;210;109
2022-07-26 15:27:47.637497+00;1;27.9;212;128
2022-07-26 15:28:07.66997+00;1;27.9;216;128
2022-07-26 15:28:27.701151+00;1;27.9;215;109
2022-07-26 15:28:47.733269+00;1;27.9;212;122
2022-07-26 15:29:09.775953+00;1;27.9;218;109
2022-07-26 15:29:31.775953+00;1;27.8;212;109
2022-07-26 15:29:51.812259+00;1;27.8;207;109
2022-07-26 15:30:11.848825+00;1;27.8;214;109
2022-07-26 15:30:31.87926+00;1;27.8;206;109
2022-07-26 15:30:51.910679+00;1;27.8;210;109
2022-07-26 15:31:11.942405+00;1;27.7;212;97
2022-07-26 15:31:31.971334+00;1;27.7;216;109
2022-07-26 14:59:23.791878+00;1;28.9;124;341
2022-07-26 14:59:43.819585+00;1;28.9;126;262
2022-07-26 15:00:03.855847+00;1;28.9;120;280
2022-07-26 15:00:23.887422+00;1;28.9;128;280
2022-07-26 15:00:43.91499+00;1;28.9;124;311
2022-07-26 15:01:03.946916+00;1;29;126;311
2022-07-26 15:01:44.01128+00;1;29;129;299
2022-07-26 15:04:44.31462+00;1;29;165;189
2022-07-26 15:04:04.217321+00;1;29;160;219
2022-07-26 15:06:44.552508+00;1;29;187;128
2022-07-26 15:05:24.392636+00;1;29;170;177
2022-07-26 15:05:04.355998+00;1;29;166;189
2022-07-26 15:02:04.038344+00;1;29;124;292
2022-07-26 15:02:24.064957+00;1;29;133;280
2022-07-26 15:02:44.092664+00;1;29;141;292
2022-07-26 15:03:04.120425+00;1;29;148;262
2022-07-26 15:03:24.147891+00;1;29;149;238
2022-07-26 15:03:44.183803+00;1;29;152;231
2022-07-26 15:07:04.598391+00;1;29;186;152
2022-07-26 15:04:24.265418+00;1;29;155;238
2022-07-26 15:05:44.440444+00;1;29;180;177
2022-07-26 15:07:24.636711+00;1;28.9;191;122
2022-07-26 15:07:44.673555+00;1;28.9;194;152
2022-07-26 15:08:04.703965+00;1;28.9;206;158
2022-07-26 15:08:24.735395+00;1;28.9;194;140
2022-07-26 15:08:44.765233+00;1;28.9;198;128
2022-07-26 15:09:04.795819+00;1;28.9;198;140
2022-07-26 15:09:24.823828+00;1;28.8;195;152
2022-07-26 15:09:44.855167+00;1;28.8;194;140
2022-07-26 15:10:04.883153+00;1;28.8;198;109
2022-07-26 15:10:24.912212+00;1;28.8;199;128
2022-07-26 15:10:44.942575+00;1;28.7;198;140
2022-07-26 15:11:04.971772+00;1;28.7;194;109
2022-07-26 15:11:25.002218+00;1;28.7;195;140
2022-07-26 15:11:45.039593+00;1;28.7;186;158
2022-07-26 15:12:05.068461+00;1;28.6;176;122
2022-07-26 15:12:25.103313+00;1;28.6;167;170
2022-07-26 15:12:45.141867+00;1;28.6;155;189
2022-07-26 15:13:05.179167+00;1;28.6;155;207
2022-07-26 15:13:25.210793+00;1;28.5;145;262
2022-07-26 15:13:45.244214+00;1;28.5;145;250
2022-07-26 15:14:05.274281+00;1;28.5;145;238
2022-07-26 15:14:25.305414+00;1;28.5;145;238
2022-07-26 15:14:45.335261+00;1;28.4;150;238
2022-07-26 15:15:05.36844+00;1;28.4;153;268
2022-07-26 15:15:25.409688+00;1;28.4;158;189
2022-07-26 15:15:45.459943+00;1;28.4;156;219
2022-07-26 15:16:05.502962+00;1;28.4;161;170
2022-07-26 15:16:25.537198+00;1;28.4;166;207
2022-07-26 15:16:44.57469+00;1;28.3;165;201
2022-07-26 15:17:05.605001+00;1;28.3;162;158
2022-07-26 15:17:25.63594+00;1;28.3;166;189
2022-07-26 15:17:45.672852+00;1;28.3;165;158
2022-07-26 15:18:05.71149+00;1;28.3;164;189
2022-07-26 15:18:25.744394+00;1;28.3;166;189
2022-07-26 15:18:45.771206+00;1;28.3;165;189
2022-07-26 15:19:05.800212+00;1;28.3;172;177
2022-07-26 15:19:25.828957+00;1;28.3;168;140
2022-07-26 15:26:07.454135+00;1;28;209;122
2022-07-26 15:26:27.484293+00;1;28;206;122
2022-07-26 15:26:47.526126+00;1;28;207;122
2022-07-26 15:27:07.567497+00;1;28;194;91
2022-07-26 15:27:27.607462+00;1;28;210;109
2022-07-26 15:27:47.637497+00;1;27.9;212;128
2022-07-26 15:28:07.66997+00;1;27.9;216;128
2022-07-26 15:28:27.701151+00;1;27.9;215;109
2022-07-26 15:28:47.733269+00;1;27.9;212;122
2022-07-26 15:29:09.775953+00;1;27.9;218;109
2022-07-26 15:29:31.775953+00;1;27.8;212;109
2022-07-26 15:29:51.812259+00;1;27.8;207;109
2022-07-26 15:30:11.848825+00;1;27.8;214;109
2022-07-26 15:30:31.87926+00;1;27.8;206;109
2022-07-26 15:30:51.910679+00;1;27.8;210;109
2022-07-26 15:31:11.942405+00;1;27.7;212;97
2022-07-26 15:31:31.971334+00;1;27.7;216;109
2022-07-26 14:59:23.791878+00;1;28.9;124;341
2022-07-26 14:59:43.819585+00;1;28.9;126;262
2022-07-26 15:00:03.855847+00;1;28.9;120;280
2022-07-26 15:00:23.887422+00;1;28.9;128;280
2022-07-26 15:00:43.91499+00;1;28.9;124;311
2022-07-26 15:01:03.946916+00;1;29;126;311
2022-07-26 15:01:44.01128+00;1;29;129;299
2022-07-26 15:04:44.31462+00;1;29;165;189
2022-07-26 15:04:04.217321+00;1;29;160;219
2022-07-26 15:06:44.552508+00;1;29;187;128
2022-07-26 15:05:24.392636+00;1;29;170;177
2022-07-26 15:05:04.355998+00;1;29;166;189
2022-07-26 15:02:04.038344+00;1;29;124;292
2022-07-26 15:02:24.064957+00;1;29;133;280
2022-07-26 15:02:44.092664+00;1;29;141;292
2022-07-26 15:03:04.120425+00;1;29;148;262
2022-07-26 15:03:24.147891+00;1;29;149;238
2022-07-26 15:03:44.183803+00;1;29;152;231
2022-07-26 15:07:04.598391+00;1;29;186;152
2022-07-26 15:04:24.265418+00;1;29;155;238
2022-07-26 15:05:44.440444+00;1;29;180;177
2022-07-26 15:07:24.636711+00;1;28.9;191;122
2022-07-26 15:07:44.673555+00;1;28.9;194;152
2022-07-26 15:08:04.703965+00;1;28.9;206;158
2022-07-26 15:08:24.735395+00;1;28.9;194;140
2022-07-26 15:08:44.765233+00;1;28.9;198;128
2022-07-26 15:09:04.795819+00;1;28.9;198;140
2022-07-26 15:09:24.823828+00;1;28.8;195;152
2022-07-26 15:09:44.855167+00;1;28.8;194;140
2022-07-26 15:10:04.883153+00;1;28.8;198;109
2022-07-26 15:10:24.912212+00;1;28.8;199;128
2022-07-26 15:10:44.942575+00;1;28.7;198;140
2022-07-26 15:11:04.971772+00;1;28.7;194;109
2022-07-26 15:11:25.002218+00;1;28.7;195;140
2022-07-26 15:11:45.039593+00;1;28.7;186;158
2022-07-26 15:12:05.068461+00;1;28.6;176;122
2022-07-26 15:12:25.103313+00;1;28.6;167;170
2022-07-26 15:12:45.141867+00;1;28.6;155;189
2022-07-26 15:13:05.179167+00;1;28.6;155;207
2022-07-26 15:13:25.210793+00;1;28.5;145;262
2022-07-26 15:13:45.244214+00;1;28.5;145;250
2022-07-26 15:14:05.274281+00;1;28.5;145;238
2022-07-26 15:14:25.305414+00;1;28.5;145;238
2022-07-26 15:14:45.335261+00;1;28.4;150;238
2022-07-26 15:15:05.36844+00;1;28.4;153;268
2022-07-26 15:15:25.409688+00;1;28.4;158;189
2022-07-26 15:15:45.459943+00;1;28.4;156;219
2022-07-26 15:16:05.502962+00;1;28.4;161;170
2022-07-26 15:16:25.537198+00;1;28.4;166;207
2022-07-26 15:16:44.57469+00;1;28.3;165;201
2022-07-26 15:17:05.605001+00;1;28.3;162;158
2022-07-26 15:17:25.63594+00;1;28.3;166;189
2022-07-26 15:17:45.672852+00;1;28.3;165;158
2022-07-26 15:18:05.71149+00;1;28.3;164;189
2022-07-26 15:18:25.744394+00;1;28.3;166;189
2022-07-26 15:18:45.771206+00;1;28.3;165;189
2022-07-26 15:19:05.800212+00;1;28.3;172;177
2022-07-26 15:19:25.828957+00;1;28.3;168;140
2022-07-26 15:21:07.029551+00;1;28.2;171;42
2022-07-26 15:21:27.029551+00;1;28.2;173;48
2022-07-26 15:21:47.06185+00;1;28.2;172;48
2022-07-26 15:23:07.186699+00;1;28.1;184;158
2022-07-26 15:23:27.213249+00;1;28.1;190;158
2022-07-26 15:23:47.242433+00;1;28.1;193;152
2022-07-26 15:24:07.271786+00;1;28.1;195;140
2022-07-26 15:06:04.478958+00;1;29;186;158
2022-07-26 15:06:24.51907+00;1;29;189;128
2022-07-26 15:23:07.186699+00;1;28.1;184;158
2022-07-26 15:23:27.213249+00;1;28.1;190;158
2022-07-26 15:23:47.242433+00;1;28.1;193;152
2022-07-26 15:24:07.271786+00;1;28.1;195;140
2022-07-26 15:06:04.478958+00;1;29;186;158
2022-07-26 15:06:24.51907+00;1;29;189;128
2022-07-26 15:23:07.186699+00;1;28.1;184;158
2022-07-26 15:23:27.213249+00;1;28.1;190;158
2022-07-26 15:23:47.242433+00;1;28.1;193;152
2022-07-26 15:24:07.271786+00;1;28.1;195;140
2022-07-26 15:06:04.478958+00;1;29;186;158
2022-07-26 15:06:24.51907+00;1;29;189;128
